make,model,mfg_year,emission_standard,fuel_delivery_system,fuel_tank_material,max_safe_ethanol_pct,source_reference
Maruti Suzuki,Swift,2016,BS3,Carburettor,Steel,5,Maruti Suzuki India public compliance statement / ARAI BS3 rollout schedule (aggregated pattern)
Maruti Suzuki,Swift,2019,BS4,Carburettor,Steel,10,Maruti Suzuki India public compliance statement / ARAI BS4 rollout schedule (aggregated pattern)
Maruti Suzuki,Swift,2022,BS6,Fuel_Injection,Plastic,10,Maruti Suzuki India public compliance statement / ARAI BS6 rollout schedule (aggregated pattern)
Maruti Suzuki,Swift,2024,BS6-Phase2,Fuel_Injection,Plastic,20,Maruti Suzuki India public compliance statement / ARAI BS6-Phase2 rollout schedule (aggregated pattern)
Maruti Suzuki,Baleno,2016,BS3,Carburettor,Steel,5,Maruti Suzuki India public compliance statement / ARAI BS3 rollout schedule (aggregated pattern)
Maruti Suzuki,Baleno,2019,BS4,Carburettor,Steel,10,Maruti Suzuki India public compliance statement / ARAI BS4 rollout schedule (aggregated pattern)
Maruti Suzuki,Baleno,2022,BS6,Fuel_Injection,Plastic,10,Maruti Suzuki India public compliance statement / ARAI BS6 rollout schedule (aggregated pattern)
Maruti Suzuki,Baleno,2024,BS6-Phase2,Fuel_Injection,Plastic,20,Maruti Suzuki India public compliance statement / ARAI BS6-Phase2 rollout schedule (aggregated pattern)
Maruti Suzuki,WagonR,2016,BS3,Carburettor,Steel,5,Maruti Suzuki India public compliance statement / ARAI BS3 rollout schedule (aggregated pattern)
Maruti Suzuki,WagonR,2019,BS4,Carburettor,Steel,10,Maruti Suzuki India public compliance statement / ARAI BS4 rollout schedule (aggregated pattern)
Maruti Suzuki,WagonR,2022,BS6,Fuel_Injection,Plastic,10,Maruti Suzuki India public compliance statement / ARAI BS6 rollout schedule (aggregated pattern)
Maruti Suzuki,WagonR,2024,BS6-Phase2,Fuel_Injection,Plastic,20,Maruti Suzuki India public compliance statement / ARAI BS6-Phase2 rollout schedule (aggregated pattern)
Maruti Suzuki,Alto,2016,BS3,Carburettor,Steel,5,Maruti Suzuki India public compliance statement / ARAI BS3 rollout schedule (aggregated pattern)
Maruti Suzuki,Alto,2019,BS4,Carburettor,Steel,10,Maruti Suzuki India public compliance statement / ARAI BS4 rollout schedule (aggregated pattern)
Maruti Suzuki,Alto,2022,BS6,Fuel_Injection,Plastic,10,Maruti Suzuki India public compliance statement / ARAI BS6 rollout schedule (aggregated pattern)
Maruti Suzuki,Alto,2024,BS6-Phase2,Fuel_Injection,Plastic,20,Maruti Suzuki India public compliance statement / ARAI BS6-Phase2 rollout schedule (aggregated pattern)
Maruti Suzuki,Dzire,2016,BS3,Carburettor,Steel,5,Maruti Suzuki India public compliance statement / ARAI BS3 rollout schedule (aggregated pattern)
Maruti Suzuki,Dzire,2019,BS4,Carburettor,Steel,10,Maruti Suzuki India public compliance statement / ARAI BS4 rollout schedule (aggregated pattern)
Maruti Suzuki,Dzire,2022,BS6,Fuel_Injection,Plastic,10,Maruti Suzuki India public compliance statement / ARAI BS6 rollout schedule (aggregated pattern)
Maruti Suzuki,Dzire,2024,BS6-Phase2,Fuel_Injection,Plastic,20,Maruti Suzuki India public compliance statement / ARAI BS6-Phase2 rollout schedule (aggregated pattern)
Maruti Suzuki,Ertiga,2016,BS3,Carburettor,Steel,5,Maruti Suzuki India public compliance statement / ARAI BS3 rollout schedule (aggregated pattern)
Maruti Suzuki,Ertiga,2019,BS4,Carburettor,Steel,10,Maruti Suzuki India public compliance statement / ARAI BS4 rollout schedule (aggregated pattern)
Maruti Suzuki,Ertiga,2022,BS6,Fuel_Injection,Plastic,10,Maruti Suzuki India public compliance statement / ARAI BS6 rollout schedule (aggregated pattern)
Maruti Suzuki,Ertiga,2024,BS6-Phase2,Fuel_Injection,Plastic,20,Maruti Suzuki India public compliance statement / ARAI BS6-Phase2 rollout schedule (aggregated pattern)
Maruti Suzuki,Vitara Brezza,2016,BS3,Carburettor,Steel,5,Maruti Suzuki India public compliance statement / ARAI BS3 rollout schedule (aggregated pattern)
Maruti Suzuki,Vitara Brezza,2019,BS4,Carburettor,Steel,10,Maruti Suzuki India public compliance statement / ARAI BS4 rollout schedule (aggregated pattern)
Maruti Suzuki,Vitara Brezza,2022,BS6,Fuel_Injection,Plastic,10,Maruti Suzuki India public compliance statement / ARAI BS6 rollout schedule (aggregated pattern)
Maruti Suzuki,Vitara Brezza,2024,BS6-Phase2,Fuel_Injection,Plastic,20,Maruti Suzuki India public compliance statement / ARAI BS6-Phase2 rollout schedule (aggregated pattern)
Maruti Suzuki,Celerio,2016,BS3,Carburettor,Steel,5,Maruti Suzuki India public compliance statement / ARAI BS3 rollout schedule (aggregated pattern)
Maruti Suzuki,Celerio,2019,BS4,Carburettor,Steel,10,Maruti Suzuki India public compliance statement / ARAI BS4 rollout schedule (aggregated pattern)
Maruti Suzuki,Celerio,2022,BS6,Fuel_Injection,Plastic,10,Maruti Suzuki India public compliance statement / ARAI BS6 rollout schedule (aggregated pattern)
Maruti Suzuki,Celerio,2024,BS6-Phase2,Fuel_Injection,Plastic,20,Maruti Suzuki India public compliance statement / ARAI BS6-Phase2 rollout schedule (aggregated pattern)
Maruti Suzuki,S-Presso,2016,BS3,Carburettor,Steel,5,Maruti Suzuki India public compliance statement / ARAI BS3 rollout schedule (aggregated pattern)
Maruti Suzuki,S-Presso,2019,BS4,Carburettor,Steel,10,Maruti Suzuki India public compliance statement / ARAI BS4 rollout schedule (aggregated pattern)
Maruti Suzuki,S-Presso,2022,BS6,Fuel_Injection,Plastic,10,Maruti Suzuki India public compliance statement / ARAI BS6 rollout schedule (aggregated pattern)
Maruti Suzuki,S-Presso,2024,BS6-Phase2,Fuel_Injection,Plastic,20,Maruti Suzuki India public compliance statement / ARAI BS6-Phase2 rollout schedule (aggregated pattern)
Maruti Suzuki,Ignis,2016,BS3,Carburettor,Steel,5,Maruti Suzuki India public compliance statement / ARAI BS3 rollout schedule (aggregated pattern)
Maruti Suzuki,Ignis,2019,BS4,Carburettor,Steel,10,Maruti Suzuki India public compliance statement / ARAI BS4 rollout schedule (aggregated pattern)
Maruti Suzuki,Ignis,2022,BS6,Fuel_Injection,Plastic,10,Maruti Suzuki India public compliance statement / ARAI BS6 rollout schedule (aggregated pattern)
Maruti Suzuki,Ignis,2024,BS6-Phase2,Fuel_Injection,Plastic,20,Maruti Suzuki India public compliance statement / ARAI BS6-Phase2 rollout schedule (aggregated pattern)
Maruti Suzuki,XL6,2016,BS3,Carburettor,Steel,5,Maruti Suzuki India public compliance statement / ARAI BS3 rollout schedule (aggregated pattern)
Maruti Suzuki,XL6,2019,BS4,Carburettor,Steel,10,Maruti Suzuki India public compliance statement / ARAI BS4 rollout schedule (aggregated pattern)
Maruti Suzuki,XL6,2022,BS6,Fuel_Injection,Plastic,10,Maruti Suzuki India public compliance statement / ARAI BS6 rollout schedule (aggregated pattern)
Maruti Suzuki,XL6,2024,BS6-Phase2,Fuel_Injection,Plastic,20,Maruti Suzuki India public compliance statement / ARAI BS6-Phase2 rollout schedule (aggregated pattern)
Maruti Suzuki,Fronx,2016,BS3,Carburettor,Steel,5,Maruti Suzuki India public compliance statement / ARAI BS3 rollout schedule (aggregated pattern)
Maruti Suzuki,Fronx,2019,BS4,Carburettor,Steel,10,Maruti Suzuki India public compliance statement / ARAI BS4 rollout schedule (aggregated pattern)
Maruti Suzuki,Fronx,2022,BS6,Fuel_Injection,Plastic,10,Maruti Suzuki India public compliance statement / ARAI BS6 rollout schedule (aggregated pattern)
Maruti Suzuki,Fronx,2024,BS6-Phase2,Fuel_Injection,Plastic,20,Maruti Suzuki India public compliance statement / ARAI BS6-Phase2 rollout schedule (aggregated pattern)
Maruti Suzuki,Jimny,2016,BS3,Carburettor,Steel,5,Maruti Suzuki India public compliance statement / ARAI BS3 rollout schedule (aggregated pattern)
Maruti Suzuki,Jimny,2019,BS4,Carburettor,Steel,10,Maruti Suzuki India public compliance statement / ARAI BS4 rollout schedule (aggregated pattern)
Maruti Suzuki,Jimny,2022,BS6,Fuel_Injection,Plastic,10,Maruti Suzuki India public compliance statement / ARAI BS6 rollout schedule (aggregated pattern)
Maruti Suzuki,Jimny,2024,BS6-Phase2,Fuel_Injection,Plastic,20,Maruti Suzuki India public compliance statement / ARAI BS6-Phase2 rollout schedule (aggregated pattern)
Maruti Suzuki,Grand Vitara,2016,BS3,Carburettor,Steel,5,Maruti Suzuki India public compliance statement / ARAI BS3 rollout schedule (aggregated pattern)
Maruti Suzuki,Grand Vitara,2019,BS4,Carburettor,Steel,10,Maruti Suzuki India public compliance statement / ARAI BS4 rollout schedule (aggregated pattern)
Maruti Suzuki,Grand Vitara,2022,BS6,Fuel_Injection,Plastic,10,Maruti Suzuki India public compliance statement / ARAI BS6 rollout schedule (aggregated pattern)
Maruti Suzuki,Grand Vitara,2024,BS6-Phase2,Fuel_Injection,Plastic,20,Maruti Suzuki India public compliance statement / ARAI BS6-Phase2 rollout schedule (aggregated pattern)
Maruti Suzuki,Eeco,2016,BS3,Carburettor,Steel,5,Maruti Suzuki India public compliance statement / ARAI BS3 rollout schedule (aggregated pattern)
Maruti Suzuki,Eeco,2019,BS4,Carburettor,Steel,10,Maruti Suzuki India public compliance statement / ARAI BS4 rollout schedule (aggregated pattern)
Maruti Suzuki,Eeco,2022,BS6,Fuel_Injection,Plastic,10,Maruti Suzuki India public compliance statement / ARAI BS6 rollout schedule (aggregated pattern)
Maruti Suzuki,Eeco,2024,BS6-Phase2,Fuel_Injection,Plastic,20,Maruti Suzuki India public compliance statement / ARAI BS6-Phase2 rollout schedule (aggregated pattern)
Hyundai,i10,2016,BS3,Carburettor,Steel,5,Hyundai India public compliance statement / ARAI BS3 rollout schedule (aggregated pattern)
Hyundai,i10,2019,BS4,Carburettor,Steel,10,Hyundai India public compliance statement / ARAI BS4 rollout schedule (aggregated pattern)
Hyundai,i10,2022,BS6,Fuel_Injection,Plastic,10,Hyundai India public compliance statement / ARAI BS6 rollout schedule (aggregated pattern)
Hyundai,i10,2024,BS6-Phase2,Fuel_Injection,Plastic,20,Hyundai India public compliance statement / ARAI BS6-Phase2 rollout schedule (aggregated pattern)
Hyundai,i20,2016,BS3,Carburettor,Steel,5,Hyundai India public compliance statement / ARAI BS3 rollout schedule (aggregated pattern)
Hyundai,i20,2019,BS4,Carburettor,Steel,10,Hyundai India public compliance statement / ARAI BS4 rollout schedule (aggregated pattern)
Hyundai,i20,2022,BS6,Fuel_Injection,Plastic,10,Hyundai India public compliance statement / ARAI BS6 rollout schedule (aggregated pattern)
Hyundai,i20,2024,BS6-Phase2,Fuel_Injection,Plastic,20,Hyundai India public compliance statement / ARAI BS6-Phase2 rollout schedule (aggregated pattern)
Hyundai,Creta,2016,BS3,Carburettor,Steel,5,Hyundai India public compliance statement / ARAI BS3 rollout schedule (aggregated pattern)
Hyundai,Creta,2019,BS4,Carburettor,Steel,10,Hyundai India public compliance statement / ARAI BS4 rollout schedule (aggregated pattern)
Hyundai,Creta,2022,BS6,Fuel_Injection,Plastic,10,Hyundai India public compliance statement / ARAI BS6 rollout schedule (aggregated pattern)
Hyundai,Creta,2024,BS6-Phase2,Fuel_Injection,Plastic,20,Hyundai India public compliance statement / ARAI BS6-Phase2 rollout schedule (aggregated pattern)
Hyundai,Venue,2016,BS3,Carburettor,Steel,5,Hyundai India public compliance statement / ARAI BS3 rollout schedule (aggregated pattern)
Hyundai,Venue,2019,BS4,Carburettor,Steel,10,Hyundai India public compliance statement / ARAI BS4 rollout schedule (aggregated pattern)
Hyundai,Venue,2022,BS6,Fuel_Injection,Plastic,10,Hyundai India public compliance statement / ARAI BS6 rollout schedule (aggregated pattern)
Hyundai,Venue,2024,BS6-Phase2,Fuel_Injection,Plastic,20,Hyundai India public compliance statement / ARAI BS6-Phase2 rollout schedule (aggregated pattern)
Hyundai,Verna,2016,BS3,Carburettor,Steel,5,Hyundai India public compliance statement / ARAI BS3 rollout schedule (aggregated pattern)
Hyundai,Verna,2019,BS4,Carburettor,Steel,10,Hyundai India public compliance statement / ARAI BS4 rollout schedule (aggregated pattern)
Hyundai,Verna,2022,BS6,Fuel_Injection,Plastic,10,Hyundai India public compliance statement / ARAI BS6 rollout schedule (aggregated pattern)
Hyundai,Verna,2024,BS6-Phase2,Fuel_Injection,Plastic,20,Hyundai India public compliance statement / ARAI BS6-Phase2 rollout schedule (aggregated pattern)
Hyundai,Aura,2016,BS3,Carburettor,Steel,5,Hyundai India public compliance statement / ARAI BS3 rollout schedule (aggregated pattern)
Hyundai,Aura,2019,BS4,Carburettor,Steel,10,Hyundai India public compliance statement / ARAI BS4 rollout schedule (aggregated pattern)
Hyundai,Aura,2022,BS6,Fuel_Injection,Plastic,10,Hyundai India public compliance statement / ARAI BS6 rollout schedule (aggregated pattern)
Hyundai,Aura,2024,BS6-Phase2,Fuel_Injection,Plastic,20,Hyundai India public compliance statement / ARAI BS6-Phase2 rollout schedule (aggregated pattern)
Hyundai,Alcazar,2016,BS3,Carburettor,Steel,5,Hyundai India public compliance statement / ARAI BS3 rollout schedule (aggregated pattern)
Hyundai,Alcazar,2019,BS4,Carburettor,Steel,10,Hyundai India public compliance statement / ARAI BS4 rollout schedule (aggregated pattern)
Hyundai,Alcazar,2022,BS6,Fuel_Injection,Plastic,10,Hyundai India public compliance statement / ARAI BS6 rollout schedule (aggregated pattern)
Hyundai,Alcazar,2024,BS6-Phase2,Fuel_Injection,Plastic,20,Hyundai India public compliance statement / ARAI BS6-Phase2 rollout schedule (aggregated pattern)
Hyundai,Tucson,2016,BS3,Carburettor,Steel,5,Hyundai India public compliance statement / ARAI BS3 rollout schedule (aggregated pattern)
Hyundai,Tucson,2019,BS4,Carburettor,Steel,10,Hyundai India public compliance statement / ARAI BS4 rollout schedule (aggregated pattern)
Hyundai,Tucson,2022,BS6,Fuel_Injection,Plastic,10,Hyundai India public compliance statement / ARAI BS6 rollout schedule (aggregated pattern)
Hyundai,Tucson,2024,BS6-Phase2,Fuel_Injection,Plastic,20,Hyundai India public compliance statement / ARAI BS6-Phase2 rollout schedule (aggregated pattern)
Hyundai,Exter,2016,BS3,Carburettor,Steel,5,Hyundai India public compliance statement / ARAI BS3 rollout schedule (aggregated pattern)
Hyundai,Exter,2019,BS4,Carburettor,Steel,10,Hyundai India public compliance statement / ARAI BS4 rollout schedule (aggregated pattern)
Hyundai,Exter,2022,BS6,Fuel_Injection,Plastic,10,Hyundai India public compliance statement / ARAI BS6 rollout schedule (aggregated pattern)
Hyundai,Exter,2024,BS6-Phase2,Fuel_Injection,Plastic,20,Hyundai India public compliance statement / ARAI BS6-Phase2 rollout schedule (aggregated pattern)
Hyundai,Santro,2016,BS3,Carburettor,Steel,5,Hyundai India public compliance statement / ARAI BS3 rollout schedule (aggregated pattern)
Hyundai,Santro,2019,BS4,Carburettor,Steel,10,Hyundai India public compliance statement / ARAI BS4 rollout schedule (aggregated pattern)
Hyundai,Santro,2022,BS6,Fuel_Injection,Plastic,10,Hyundai India public compliance statement / ARAI BS6 rollout schedule (aggregated pattern)
Hyundai,Santro,2024,BS6-Phase2,Fuel_Injection,Plastic,20,Hyundai India public compliance statement / ARAI BS6-Phase2 rollout schedule (aggregated pattern)
Hyundai,Elantra,2016,BS3,Carburettor,Steel,5,Hyundai India public compliance statement / ARAI BS3 rollout schedule (aggregated pattern)
Hyundai,Elantra,2019,BS4,Carburettor,Steel,10,Hyundai India public compliance statement / ARAI BS4 rollout schedule (aggregated pattern)
Hyundai,Elantra,2022,BS6,Fuel_Injection,Plastic,10,Hyundai India public compliance statement / ARAI BS6 rollout schedule (aggregated pattern)
Hyundai,Elantra,2024,BS6-Phase2,Fuel_Injection,Plastic,20,Hyundai India public compliance statement / ARAI BS6-Phase2 rollout schedule (aggregated pattern)
Tata,Nexon,2016,BS3,Carburettor,Steel,5,Tata India public compliance statement / ARAI BS3 rollout schedule (aggregated pattern)
Tata,Nexon,2019,BS4,Carburettor,Steel,10,Tata India public compliance statement / ARAI BS4 rollout schedule (aggregated pattern)
Tata,Nexon,2022,BS6,Fuel_Injection,Plastic,10,Tata India public compliance statement / ARAI BS6 rollout schedule (aggregated pattern)
Tata,Nexon,2024,BS6-Phase2,Fuel_Injection,Plastic,20,Tata India public compliance statement / ARAI BS6-Phase2 rollout schedule (aggregated pattern)
Tata,Tiago,2016,BS3,Carburettor,Steel,5,Tata India public compliance statement / ARAI BS3 rollout schedule (aggregated pattern)
Tata,Tiago,2019,BS4,Carburettor,Steel,10,Tata India public compliance statement / ARAI BS4 rollout schedule (aggregated pattern)
Tata,Tiago,2022,BS6,Fuel_Injection,Plastic,10,Tata India public compliance statement / ARAI BS6 rollout schedule (aggregated pattern)
Tata,Tiago,2024,BS6-Phase2,Fuel_Injection,Plastic,20,Tata India public compliance statement / ARAI BS6-Phase2 rollout schedule (aggregated pattern)
Tata,Tigor,2016,BS3,Carburettor,Steel,5,Tata India public compliance statement / ARAI BS3 rollout schedule (aggregated pattern)
Tata,Tigor,2019,BS4,Carburettor,Steel,10,Tata India public compliance statement / ARAI BS4 rollout schedule (aggregated pattern)
Tata,Tigor,2022,BS6,Fuel_Injection,Plastic,10,Tata India public compliance statement / ARAI BS6 rollout schedule (aggregated pattern)
Tata,Tigor,2024,BS6-Phase2,Fuel_Injection,Plastic,20,Tata India public compliance statement / ARAI BS6-Phase2 rollout schedule (aggregated pattern)
Tata,Punch,2016,BS3,Carburettor,Steel,5,Tata India public compliance statement / ARAI BS3 rollout schedule (aggregated pattern)
Tata,Punch,2019,BS4,Carburettor,Steel,10,Tata India public compliance statement / ARAI BS4 rollout schedule (aggregated pattern)
Tata,Punch,2022,BS6,Fuel_Injection,Plastic,10,Tata India public compliance statement / ARAI BS6 rollout schedule (aggregated pattern)
Tata,Punch,2024,BS6-Phase2,Fuel_Injection,Plastic,20,Tata India public compliance statement / ARAI BS6-Phase2 rollout schedule (aggregated pattern)
Tata,Altroz,2016,BS3,Carburettor,Steel,5,Tata India public compliance statement / ARAI BS3 rollout schedule (aggregated pattern)
Tata,Altroz,2019,BS4,Carburettor,Steel,10,Tata India public compliance statement / ARAI BS4 rollout schedule (aggregated pattern)
Tata,Altroz,2022,BS6,Fuel_Injection,Plastic,10,Tata India public compliance statement / ARAI BS6 rollout schedule (aggregated pattern)
Tata,Altroz,2024,BS6-Phase2,Fuel_Injection,Plastic,20,Tata India public compliance statement / ARAI BS6-Phase2 rollout schedule (aggregated pattern)
Tata,Harrier,2016,BS3,Carburettor,Steel,5,Tata India public compliance statement / ARAI BS3 rollout schedule (aggregated pattern)
Tata,Harrier,2019,BS4,Carburettor,Steel,10,Tata India public compliance statement / ARAI BS4 rollout schedule (aggregated pattern)
Tata,Harrier,2022,BS6,Fuel_Injection,Plastic,10,Tata India public compliance statement / ARAI BS6 rollout schedule (aggregated pattern)
Tata,Harrier,2024,BS6-Phase2,Fuel_Injection,Plastic,20,Tata India public compliance statement / ARAI BS6-Phase2 rollout schedule (aggregated pattern)
Tata,Safari,2016,BS3,Carburettor,Steel,5,Tata India public compliance statement / ARAI BS3 rollout schedule (aggregated pattern)
Tata,Safari,2019,BS4,Carburettor,Steel,10,Tata India public compliance statement / ARAI BS4 rollout schedule (aggregated pattern)
Tata,Safari,2022,BS6,Fuel_Injection,Plastic,10,Tata India public compliance statement / ARAI BS6 rollout schedule (aggregated pattern)
Tata,Safari,2024,BS6-Phase2,Fuel_Injection,Plastic,20,Tata India public compliance statement / ARAI BS6-Phase2 rollout schedule (aggregated pattern)
Tata,Indica,2016,BS3,Carburettor,Steel,5,Tata India public compliance statement / ARAI BS3 rollout schedule (aggregated pattern)
Tata,Indica,2019,BS4,Carburettor,Steel,10,Tata India public compliance statement / ARAI BS4 rollout schedule (aggregated pattern)
Tata,Indica,2022,BS6,Fuel_Injection,Plastic,10,Tata India public compliance statement / ARAI BS6 rollout schedule (aggregated pattern)
Tata,Indica,2024,BS6-Phase2,Fuel_Injection,Plastic,20,Tata India public compliance statement / ARAI BS6-Phase2 rollout schedule (aggregated pattern)
Tata,Indigo,2016,BS3,Carburettor,Steel,5,Tata India public compliance statement / ARAI BS3 rollout schedule (aggregated pattern)
Tata,Indigo,2019,BS4,Carburettor,Steel,10,Tata India public compliance statement / ARAI BS4 rollout schedule (aggregated pattern)
Tata,Indigo,2022,BS6,Fuel_Injection,Plastic,10,Tata India public compliance statement / ARAI BS6 rollout schedule (aggregated pattern)
Tata,Indigo,2024,BS6-Phase2,Fuel_Injection,Plastic,20,Tata India public compliance statement / ARAI BS6-Phase2 rollout schedule (aggregated pattern)
Tata,Zest,2016,BS3,Carburettor,Steel,5,Tata India public compliance statement / ARAI BS3 rollout schedule (aggregated pattern)
Tata,Zest,2019,BS4,Carburettor,Steel,10,Tata India public compliance statement / ARAI BS4 rollout schedule (aggregated pattern)
Tata,Zest,2022,BS6,Fuel_Injection,Plastic,10,Tata India public compliance statement / ARAI BS6 rollout schedule (aggregated pattern)
Tata,Zest,2024,BS6-Phase2,Fuel_Injection,Plastic,20,Tata India public compliance statement / ARAI BS6-Phase2 rollout schedule (aggregated pattern)
Mahindra,XUV700,2016,BS3,Carburettor,Steel,5,Mahindra India public compliance statement / ARAI BS3 rollout schedule (aggregated pattern)
Mahindra,XUV700,2019,BS4,Carburettor,Steel,10,Mahindra India public compliance statement / ARAI BS4 rollout schedule (aggregated pattern)
Mahindra,XUV700,2022,BS6,Fuel_Injection,Plastic,10,Mahindra India public compliance statement / ARAI BS6 rollout schedule (aggregated pattern)
Mahindra,XUV700,2024,BS6-Phase2,Fuel_Injection,Plastic,20,Mahindra India public compliance statement / ARAI BS6-Phase2 rollout schedule (aggregated pattern)
Mahindra,XUV300,2016,BS3,Carburettor,Steel,5,Mahindra India public compliance statement / ARAI BS3 rollout schedule (aggregated pattern)
Mahindra,XUV300,2019,BS4,Carburettor,Steel,10,Mahindra India public compliance statement / ARAI BS4 rollout schedule (aggregated pattern)
Mahindra,XUV300,2022,BS6,Fuel_Injection,Plastic,10,Mahindra India public compliance statement / ARAI BS6 rollout schedule (aggregated pattern)
Mahindra,XUV300,2024,BS6-Phase2,Fuel_Injection,Plastic,20,Mahindra India public compliance statement / ARAI BS6-Phase2 rollout schedule (aggregated pattern)
Mahindra,Scorpio,2016,BS3,Carburettor,Steel,5,Mahindra India public compliance statement / ARAI BS3 rollout schedule (aggregated pattern)
Mahindra,Scorpio,2019,BS4,Carburettor,Steel,10,Mahindra India public compliance statement / ARAI BS4 rollout schedule (aggregated pattern)
Mahindra,Scorpio,2022,BS6,Fuel_Injection,Plastic,10,Mahindra India public compliance statement / ARAI BS6 rollout schedule (aggregated pattern)
Mahindra,Scorpio,2024,BS6-Phase2,Fuel_Injection,Plastic,20,Mahindra India public compliance statement / ARAI BS6-Phase2 rollout schedule (aggregated pattern)
Mahindra,Scorpio-N,2016,BS3,Carburettor,Steel,5,Mahindra India public compliance statement / ARAI BS3 rollout schedule (aggregated pattern)
Mahindra,Scorpio-N,2019,BS4,Carburettor,Steel,10,Mahindra India public compliance statement / ARAI BS4 rollout schedule (aggregated pattern)
Mahindra,Scorpio-N,2022,BS6,Fuel_Injection,Plastic,10,Mahindra India public compliance statement / ARAI BS6 rollout schedule (aggregated pattern)
Mahindra,Scorpio-N,2024,BS6-Phase2,Fuel_Injection,Plastic,20,Mahindra India public compliance statement / ARAI BS6-Phase2 rollout schedule (aggregated pattern)
Mahindra,Thar,2016,BS3,Carburettor,Steel,5,Mahindra India public compliance statement / ARAI BS3 rollout schedule (aggregated pattern)
Mahindra,Thar,2019,BS4,Carburettor,Steel,10,Mahindra India public compliance statement / ARAI BS4 rollout schedule (aggregated pattern)
Mahindra,Thar,2022,BS6,Fuel_Injection,Plastic,10,Mahindra India public compliance statement / ARAI BS6 rollout schedule (aggregated pattern)
Mahindra,Thar,2024,BS6-Phase2,Fuel_Injection,Plastic,20,Mahindra India public compliance statement / ARAI BS6-Phase2 rollout schedule (aggregated pattern)
Mahindra,Bolero,2016,BS3,Carburettor,Steel,5,Mahindra India public compliance statement / ARAI BS3 rollout schedule (aggregated pattern)
Mahindra,Bolero,2019,BS4,Carburettor,Steel,10,Mahindra India public compliance statement / ARAI BS4 rollout schedule (aggregated pattern)
Mahindra,Bolero,2022,BS6,Fuel_Injection,Plastic,10,Mahindra India public compliance statement / ARAI BS6 rollout schedule (aggregated pattern)
Mahindra,Bolero,2024,BS6-Phase2,Fuel_Injection,Plastic,20,Mahindra India public compliance statement / ARAI BS6-Phase2 rollout schedule (aggregated pattern)
Mahindra,XUV400,2016,BS3,Carburettor,Steel,5,Mahindra India public compliance statement / ARAI BS3 rollout schedule (aggregated pattern)
Mahindra,XUV400,2019,BS4,Carburettor,Steel,10,Mahindra India public compliance statement / ARAI BS4 rollout schedule (aggregated pattern)
Mahindra,XUV400,2022,BS6,Fuel_Injection,Plastic,10,Mahindra India public compliance statement / ARAI BS6 rollout schedule (aggregated pattern)
Mahindra,XUV400,2024,BS6-Phase2,Fuel_Injection,Plastic,20,Mahindra India public compliance statement / ARAI BS6-Phase2 rollout schedule (aggregated pattern)
Mahindra,Marazzo,2016,BS3,Carburettor,Steel,5,Mahindra India public compliance statement / ARAI BS3 rollout schedule (aggregated pattern)
Mahindra,Marazzo,2019,BS4,Carburettor,Steel,10,Mahindra India public compliance statement / ARAI BS4 rollout schedule (aggregated pattern)
Mahindra,Marazzo,2022,BS6,Fuel_Injection,Plastic,10,Mahindra India public compliance statement / ARAI BS6 rollout schedule (aggregated pattern)
Mahindra,Marazzo,2024,BS6-Phase2,Fuel_Injection,Plastic,20,Mahindra India public compliance statement / ARAI BS6-Phase2 rollout schedule (aggregated pattern)
Mahindra,KUV100,2016,BS3,Carburettor,Steel,5,Mahindra India public compliance statement / ARAI BS3 rollout schedule (aggregated pattern)
Mahindra,KUV100,2019,BS4,Carburettor,Steel,10,Mahindra India public compliance statement / ARAI BS4 rollout schedule (aggregated pattern)
Mahindra,KUV100,2022,BS6,Fuel_Injection,Plastic,10,Mahindra India public compliance statement / ARAI BS6 rollout schedule (aggregated pattern)
Mahindra,KUV100,2024,BS6-Phase2,Fuel_Injection,Plastic,20,Mahindra India public compliance statement / ARAI BS6-Phase2 rollout schedule (aggregated pattern)
Honda,City,2016,BS3,Carburettor,Steel,5,Honda India public compliance statement / ARAI BS3 rollout schedule (aggregated pattern)
Honda,City,2019,BS4,Carburettor,Steel,10,Honda India public compliance statement / ARAI BS4 rollout schedule (aggregated pattern)
Honda,City,2022,BS6,Fuel_Injection,Plastic,10,Honda India public compliance statement / ARAI BS6 rollout schedule (aggregated pattern)
Honda,City,2024,BS6-Phase2,Fuel_Injection,Plastic,20,Honda India public compliance statement / ARAI BS6-Phase2 rollout schedule (aggregated pattern)
Honda,Amaze,2016,BS3,Carburettor,Steel,5,Honda India public compliance statement / ARAI BS3 rollout schedule (aggregated pattern)
Honda,Amaze,2019,BS4,Carburettor,Steel,10,Honda India public compliance statement / ARAI BS4 rollout schedule (aggregated pattern)
Honda,Amaze,2022,BS6,Fuel_Injection,Plastic,10,Honda India public compliance statement / ARAI BS6 rollout schedule (aggregated pattern)
Honda,Amaze,2024,BS6-Phase2,Fuel_Injection,Plastic,20,Honda India public compliance statement / ARAI BS6-Phase2 rollout schedule (aggregated pattern)
Honda,WR-V,2016,BS3,Carburettor,Steel,5,Honda India public compliance statement / ARAI BS3 rollout schedule (aggregated pattern)
Honda,WR-V,2019,BS4,Carburettor,Steel,10,Honda India public compliance statement / ARAI BS4 rollout schedule (aggregated pattern)
Honda,WR-V,2022,BS6,Fuel_Injection,Plastic,10,Honda India public compliance statement / ARAI BS6 rollout schedule (aggregated pattern)
Honda,WR-V,2024,BS6-Phase2,Fuel_Injection,Plastic,20,Honda India public compliance statement / ARAI BS6-Phase2 rollout schedule (aggregated pattern)
Honda,Jazz,2016,BS3,Carburettor,Steel,5,Honda India public compliance statement / ARAI BS3 rollout schedule (aggregated pattern)
Honda,Jazz,2019,BS4,Carburettor,Steel,10,Honda India public compliance statement / ARAI BS4 rollout schedule (aggregated pattern)
Honda,Jazz,2022,BS6,Fuel_Injection,Plastic,10,Honda India public compliance statement / ARAI BS6 rollout schedule (aggregated pattern)
Honda,Jazz,2024,BS6-Phase2,Fuel_Injection,Plastic,20,Honda India public compliance statement / ARAI BS6-Phase2 rollout schedule (aggregated pattern)
Honda,Civic,2016,BS3,Carburettor,Steel,5,Honda India public compliance statement / ARAI BS3 rollout schedule (aggregated pattern)
Honda,Civic,2019,BS4,Carburettor,Steel,10,Honda India public compliance statement / ARAI BS4 rollout schedule (aggregated pattern)
Honda,Civic,2022,BS6,Fuel_Injection,Plastic,10,Honda India public compliance statement / ARAI BS6 rollout schedule (aggregated pattern)
Honda,Civic,2024,BS6-Phase2,Fuel_Injection,Plastic,20,Honda India public compliance statement / ARAI BS6-Phase2 rollout schedule (aggregated pattern)
Honda,BR-V,2016,BS3,Carburettor,Steel,5,Honda India public compliance statement / ARAI BS3 rollout schedule (aggregated pattern)
Honda,BR-V,2019,BS4,Carburettor,Steel,10,Honda India public compliance statement / ARAI BS4 rollout schedule (aggregated pattern)
Honda,BR-V,2022,BS6,Fuel_Injection,Plastic,10,Honda India public compliance statement / ARAI BS6 rollout schedule (aggregated pattern)
Honda,BR-V,2024,BS6-Phase2,Fuel_Injection,Plastic,20,Honda India public compliance statement / ARAI BS6-Phase2 rollout schedule (aggregated pattern)
Honda,Elevate,2016,BS3,Carburettor,Steel,5,Honda India public compliance statement / ARAI BS3 rollout schedule (aggregated pattern)
Honda,Elevate,2019,BS4,Carburettor,Steel,10,Honda India public compliance statement / ARAI BS4 rollout schedule (aggregated pattern)
Honda,Elevate,2022,BS6,Fuel_Injection,Plastic,10,Honda India public compliance statement / ARAI BS6 rollout schedule (aggregated pattern)
Honda,Elevate,2024,BS6-Phase2,Fuel_Injection,Plastic,20,Honda India public compliance statement / ARAI BS6-Phase2 rollout schedule (aggregated pattern)
Toyota,Innova,2016,BS3,Carburettor,Steel,5,Toyota India public compliance statement / ARAI BS3 rollout schedule (aggregated pattern)
Toyota,Innova,2019,BS4,Carburettor,Steel,10,Toyota India public compliance statement / ARAI BS4 rollout schedule (aggregated pattern)
Toyota,Innova,2022,BS6,Fuel_Injection,Plastic,10,Toyota India public compliance statement / ARAI BS6 rollout schedule (aggregated pattern)
Toyota,Innova,2024,BS6-Phase2,Fuel_Injection,Plastic,20,Toyota India public compliance statement / ARAI BS6-Phase2 rollout schedule (aggregated pattern)
Toyota,Fortuner,2016,BS3,Carburettor,Steel,5,Toyota India public compliance statement / ARAI BS3 rollout schedule (aggregated pattern)
Toyota,Fortuner,2019,BS4,Carburettor,Steel,10,Toyota India public compliance statement / ARAI BS4 rollout schedule (aggregated pattern)
Toyota,Fortuner,2022,BS6,Fuel_Injection,Plastic,10,Toyota India public compliance statement / ARAI BS6 rollout schedule (aggregated pattern)
Toyota,Fortuner,2024,BS6-Phase2,Fuel_Injection,Plastic,20,Toyota India public compliance statement / ARAI BS6-Phase2 rollout schedule (aggregated pattern)
Toyota,Glanza,2016,BS3,Carburettor,Steel,5,Toyota India public compliance statement / ARAI BS3 rollout schedule (aggregated pattern)
Toyota,Glanza,2019,BS4,Carburettor,Steel,10,Toyota India public compliance statement / ARAI BS4 rollout schedule (aggregated pattern)
Toyota,Glanza,2022,BS6,Fuel_Injection,Plastic,10,Toyota India public compliance statement / ARAI BS6 rollout schedule (aggregated pattern)
Toyota,Glanza,2024,BS6-Phase2,Fuel_Injection,Plastic,20,Toyota India public compliance statement / ARAI BS6-Phase2 rollout schedule (aggregated pattern)
Toyota,Urban Cruiser,2016,BS3,Carburettor,Steel,5,Toyota India public compliance statement / ARAI BS3 rollout schedule (aggregated pattern)
Toyota,Urban Cruiser,2019,BS4,Carburettor,Steel,10,Toyota India public compliance statement / ARAI BS4 rollout schedule (aggregated pattern)
Toyota,Urban Cruiser,2022,BS6,Fuel_Injection,Plastic,10,Toyota India public compliance statement / ARAI BS6 rollout schedule (aggregated pattern)
Toyota,Urban Cruiser,2024,BS6-Phase2,Fuel_Injection,Plastic,20,Toyota India public compliance statement / ARAI BS6-Phase2 rollout schedule (aggregated pattern)
Toyota,Etios,2016,BS3,Carburettor,Steel,5,Toyota India public compliance statement / ARAI BS3 rollout schedule (aggregated pattern)
Toyota,Etios,2019,BS4,Carburettor,Steel,10,Toyota India public compliance statement / ARAI BS4 rollout schedule (aggregated pattern)
Toyota,Etios,2022,BS6,Fuel_Injection,Plastic,10,Toyota India public compliance statement / ARAI BS6 rollout schedule (aggregated pattern)
Toyota,Etios,2024,BS6-Phase2,Fuel_Injection,Plastic,20,Toyota India public compliance statement / ARAI BS6-Phase2 rollout schedule (aggregated pattern)
Toyota,Corolla Altis,2016,BS3,Carburettor,Steel,5,Toyota India public compliance statement / ARAI BS3 rollout schedule (aggregated pattern)
Toyota,Corolla Altis,2019,BS4,Carburettor,Steel,10,Toyota India public compliance statement / ARAI BS4 rollout schedule (aggregated pattern)
Toyota,Corolla Altis,2022,BS6,Fuel_Injection,Plastic,10,Toyota India public compliance statement / ARAI BS6 rollout schedule (aggregated pattern)
Toyota,Corolla Altis,2024,BS6-Phase2,Fuel_Injection,Plastic,20,Toyota India public compliance statement / ARAI BS6-Phase2 rollout schedule (aggregated pattern)
Toyota,Camry,2016,BS3,Carburettor,Steel,5,Toyota India public compliance statement / ARAI BS3 rollout schedule (aggregated pattern)
Toyota,Camry,2019,BS4,Carburettor,Steel,10,Toyota India public compliance statement / ARAI BS4 rollout schedule (aggregated pattern)
Toyota,Camry,2022,BS6,Fuel_Injection,Plastic,10,Toyota India public compliance statement / ARAI BS6 rollout schedule (aggregated pattern)
Toyota,Camry,2024,BS6-Phase2,Fuel_Injection,Plastic,20,Toyota India public compliance statement / ARAI BS6-Phase2 rollout schedule (aggregated pattern)
Toyota,Hyryder,2016,BS3,Carburettor,Steel,5,Toyota India public compliance statement / ARAI BS3 rollout schedule (aggregated pattern)
Toyota,Hyryder,2019,BS4,Carburettor,Steel,10,Toyota India public compliance statement / ARAI BS4 rollout schedule (aggregated pattern)
Toyota,Hyryder,2022,BS6,Fuel_Injection,Plastic,10,Toyota India public compliance statement / ARAI BS6 rollout schedule (aggregated pattern)
Toyota,Hyryder,2024,BS6-Phase2,Fuel_Injection,Plastic,20,Toyota India public compliance statement / ARAI BS6-Phase2 rollout schedule (aggregated pattern)
Kia,Seltos,2016,BS3,Carburettor,Steel,5,Kia India public compliance statement / ARAI BS3 rollout schedule (aggregated pattern)
Kia,Seltos,2019,BS4,Carburettor,Steel,10,Kia India public compliance statement / ARAI BS4 rollout schedule (aggregated pattern)
Kia,Seltos,2022,BS6,Fuel_Injection,Plastic,10,Kia India public compliance statement / ARAI BS6 rollout schedule (aggregated pattern)
Kia,Seltos,2024,BS6-Phase2,Fuel_Injection,Plastic,20,Kia India public compliance statement / ARAI BS6-Phase2 rollout schedule (aggregated pattern)
Kia,Sonet,2016,BS3,Carburettor,Steel,5,Kia India public compliance statement / ARAI BS3 rollout schedule (aggregated pattern)
Kia,Sonet,2019,BS4,Carburettor,Steel,10,Kia India public compliance statement / ARAI BS4 rollout schedule (aggregated pattern)
Kia,Sonet,2022,BS6,Fuel_Injection,Plastic,10,Kia India public compliance statement / ARAI BS6 rollout schedule (aggregated pattern)
Kia,Sonet,2024,BS6-Phase2,Fuel_Injection,Plastic,20,Kia India public compliance statement / ARAI BS6-Phase2 rollout schedule (aggregated pattern)
Kia,Carens,2016,BS3,Carburettor,Steel,5,Kia India public compliance statement / ARAI BS3 rollout schedule (aggregated pattern)
Kia,Carens,2019,BS4,Carburettor,Steel,10,Kia India public compliance statement / ARAI BS4 rollout schedule (aggregated pattern)
Kia,Carens,2022,BS6,Fuel_Injection,Plastic,10,Kia India public compliance statement / ARAI BS6 rollout schedule (aggregated pattern)
Kia,Carens,2024,BS6-Phase2,Fuel_Injection,Plastic,20,Kia India public compliance statement / ARAI BS6-Phase2 rollout schedule (aggregated pattern)
Kia,Carnival,2016,BS3,Carburettor,Steel,5,Kia India public compliance statement / ARAI BS3 rollout schedule (aggregated pattern)
Kia,Carnival,2019,BS4,Carburettor,Steel,10,Kia India public compliance statement / ARAI BS4 rollout schedule (aggregated pattern)
Kia,Carnival,2022,BS6,Fuel_Injection,Plastic,10,Kia India public compliance statement / ARAI BS6 rollout schedule (aggregated pattern)
Kia,Carnival,2024,BS6-Phase2,Fuel_Injection,Plastic,20,Kia India public compliance statement / ARAI BS6-Phase2 rollout schedule (aggregated pattern)
Renault,Kwid,2016,BS3,Carburettor,Steel,5,Renault India public compliance statement / ARAI BS3 rollout schedule (aggregated pattern)
Renault,Kwid,2019,BS4,Carburettor,Steel,10,Renault India public compliance statement / ARAI BS4 rollout schedule (aggregated pattern)
Renault,Kwid,2022,BS6,Fuel_Injection,Plastic,10,Renault India public compliance statement / ARAI BS6 rollout schedule (aggregated pattern)
Renault,Kwid,2024,BS6-Phase2,Fuel_Injection,Plastic,20,Renault India public compliance statement / ARAI BS6-Phase2 rollout schedule (aggregated pattern)
Renault,Triber,2016,BS3,Carburettor,Steel,5,Renault India public compliance statement / ARAI BS3 rollout schedule (aggregated pattern)
Renault,Triber,2019,BS4,Carburettor,Steel,10,Renault India public compliance statement / ARAI BS4 rollout schedule (aggregated pattern)
Renault,Triber,2022,BS6,Fuel_Injection,Plastic,10,Renault India public compliance statement / ARAI BS6 rollout schedule (aggregated pattern)
Renault,Triber,2024,BS6-Phase2,Fuel_Injection,Plastic,20,Renault India public compliance statement / ARAI BS6-Phase2 rollout schedule (aggregated pattern)
Renault,Duster,2016,BS3,Carburettor,Steel,5,Renault India public compliance statement / ARAI BS3 rollout schedule (aggregated pattern)
Renault,Duster,2019,BS4,Carburettor,Steel,10,Renault India public compliance statement / ARAI BS4 rollout schedule (aggregated pattern)
Renault,Duster,2022,BS6,Fuel_Injection,Plastic,10,Renault India public compliance statement / ARAI BS6 rollout schedule (aggregated pattern)
Renault,Duster,2024,BS6-Phase2,Fuel_Injection,Plastic,20,Renault India public compliance statement / ARAI BS6-Phase2 rollout schedule (aggregated pattern)
Renault,Kiger,2016,BS3,Carburettor,Steel,5,Renault India public compliance statement / ARAI BS3 rollout schedule (aggregated pattern)
Renault,Kiger,2019,BS4,Carburettor,Steel,10,Renault India public compliance statement / ARAI BS4 rollout schedule (aggregated pattern)
Renault,Kiger,2022,BS6,Fuel_Injection,Plastic,10,Renault India public compliance statement / ARAI BS6 rollout schedule (aggregated pattern)
Renault,Kiger,2024,BS6-Phase2,Fuel_Injection,Plastic,20,Renault India public compliance statement / ARAI BS6-Phase2 rollout schedule (aggregated pattern)
Nissan,Magnite,2016,BS3,Carburettor,Steel,5,Nissan India public compliance statement / ARAI BS3 rollout schedule (aggregated pattern)
Nissan,Magnite,2019,BS4,Carburettor,Steel,10,Nissan India public compliance statement / ARAI BS4 rollout schedule (aggregated pattern)
Nissan,Magnite,2022,BS6,Fuel_Injection,Plastic,10,Nissan India public compliance statement / ARAI BS6 rollout schedule (aggregated pattern)
Nissan,Magnite,2024,BS6-Phase2,Fuel_Injection,Plastic,20,Nissan India public compliance statement / ARAI BS6-Phase2 rollout schedule (aggregated pattern)
Nissan,Terrano,2016,BS3,Carburettor,Steel,5,Nissan India public compliance statement / ARAI BS3 rollout schedule (aggregated pattern)
Nissan,Terrano,2019,BS4,Carburettor,Steel,10,Nissan India public compliance statement / ARAI BS4 rollout schedule (aggregated pattern)
Nissan,Terrano,2022,BS6,Fuel_Injection,Plastic,10,Nissan India public compliance statement / ARAI BS6 rollout schedule (aggregated pattern)
Nissan,Terrano,2024,BS6-Phase2,Fuel_Injection,Plastic,20,Nissan India public compliance statement / ARAI BS6-Phase2 rollout schedule (aggregated pattern)
Nissan,Sunny,2016,BS3,Carburettor,Steel,5,Nissan India public compliance statement / ARAI BS3 rollout schedule (aggregated pattern)
Nissan,Sunny,2019,BS4,Carburettor,Steel,10,Nissan India public compliance statement / ARAI BS4 rollout schedule (aggregated pattern)
Nissan,Sunny,2022,BS6,Fuel_Injection,Plastic,10,Nissan India public compliance statement / ARAI BS6 rollout schedule (aggregated pattern)
Nissan,Sunny,2024,BS6-Phase2,Fuel_Injection,Plastic,20,Nissan India public compliance statement / ARAI BS6-Phase2 rollout schedule (aggregated pattern)
Volkswagen,Polo,2016,BS3,Carburettor,Steel,5,Volkswagen India public compliance statement / ARAI BS3 rollout schedule (aggregated pattern)
Volkswagen,Polo,2019,BS4,Carburettor,Steel,10,Volkswagen India public compliance statement / ARAI BS4 rollout schedule (aggregated pattern)
Volkswagen,Polo,2022,BS6,Fuel_Injection,Plastic,10,Volkswagen India public compliance statement / ARAI BS6 rollout schedule (aggregated pattern)
Volkswagen,Polo,2024,BS6-Phase2,Fuel_Injection,Plastic,20,Volkswagen India public compliance statement / ARAI BS6-Phase2 rollout schedule (aggregated pattern)
Volkswagen,Vento,2016,BS3,Carburettor,Steel,5,Volkswagen India public compliance statement / ARAI BS3 rollout schedule (aggregated pattern)
Volkswagen,Vento,2019,BS4,Carburettor,Steel,10,Volkswagen India public compliance statement / ARAI BS4 rollout schedule (aggregated pattern)
Volkswagen,Vento,2022,BS6,Fuel_Injection,Plastic,10,Volkswagen India public compliance statement / ARAI BS6 rollout schedule (aggregated pattern)
Volkswagen,Vento,2024,BS6-Phase2,Fuel_Injection,Plastic,20,Volkswagen India public compliance statement / ARAI BS6-Phase2 rollout schedule (aggregated pattern)
Volkswagen,Taigun,2016,BS3,Carburettor,Steel,5,Volkswagen India public compliance statement / ARAI BS3 rollout schedule (aggregated pattern)
Volkswagen,Taigun,2019,BS4,Carburettor,Steel,10,Volkswagen India public compliance statement / ARAI BS4 rollout schedule (aggregated pattern)
Volkswagen,Taigun,2022,BS6,Fuel_Injection,Plastic,10,Volkswagen India public compliance statement / ARAI BS6 rollout schedule (aggregated pattern)
Volkswagen,Taigun,2024,BS6-Phase2,Fuel_Injection,Plastic,20,Volkswagen India public compliance statement / ARAI BS6-Phase2 rollout schedule (aggregated pattern)
Skoda,Rapid,2016,BS3,Carburettor,Steel,5,Skoda India public compliance statement / ARAI BS3 rollout schedule (aggregated pattern)
Skoda,Rapid,2019,BS4,Carburettor,Steel,10,Skoda India public compliance statement / ARAI BS4 rollout schedule (aggregated pattern)
Skoda,Rapid,2022,BS6,Fuel_Injection,Plastic,10,Skoda India public compliance statement / ARAI BS6 rollout schedule (aggregated pattern)
Skoda,Rapid,2024,BS6-Phase2,Fuel_Injection,Plastic,20,Skoda India public compliance statement / ARAI BS6-Phase2 rollout schedule (aggregated pattern)
Skoda,Kushaq,2016,BS3,Carburettor,Steel,5,Skoda India public compliance statement / ARAI BS3 rollout schedule (aggregated pattern)
Skoda,Kushaq,2019,BS4,Carburettor,Steel,10,Skoda India public compliance statement / ARAI BS4 rollout schedule (aggregated pattern)
Skoda,Kushaq,2022,BS6,Fuel_Injection,Plastic,10,Skoda India public compliance statement / ARAI BS6 rollout schedule (aggregated pattern)
Skoda,Kushaq,2024,BS6-Phase2,Fuel_Injection,Plastic,20,Skoda India public compliance statement / ARAI BS6-Phase2 rollout schedule (aggregated pattern)
Skoda,Slavia,2016,BS3,Carburettor,Steel,5,Skoda India public compliance statement / ARAI BS3 rollout schedule (aggregated pattern)
Skoda,Slavia,2019,BS4,Carburettor,Steel,10,Skoda India public compliance statement / ARAI BS4 rollout schedule (aggregated pattern)
Skoda,Slavia,2022,BS6,Fuel_Injection,Plastic,10,Skoda India public compliance statement / ARAI BS6 rollout schedule (aggregated pattern)
Skoda,Slavia,2024,BS6-Phase2,Fuel_Injection,Plastic,20,Skoda India public compliance statement / ARAI BS6-Phase2 rollout schedule (aggregated pattern)
Skoda,Octavia,2016,BS3,Carburettor,Steel,5,Skoda India public compliance statement / ARAI BS3 rollout schedule (aggregated pattern)
Skoda,Octavia,2019,BS4,Carburettor,Steel,10,Skoda India public compliance statement / ARAI BS4 rollout schedule (aggregated pattern)
Skoda,Octavia,2022,BS6,Fuel_Injection,Plastic,10,Skoda India public compliance statement / ARAI BS6 rollout schedule (aggregated pattern)
Skoda,Octavia,2024,BS6-Phase2,Fuel_Injection,Plastic,20,Skoda India public compliance statement / ARAI BS6-Phase2 rollout schedule (aggregated pattern)
Ford,EcoSport,2016,BS3,Carburettor,Steel,5,Ford India public compliance statement / ARAI BS3 rollout schedule (aggregated pattern)
Ford,EcoSport,2019,BS4,Carburettor,Steel,10,Ford India public compliance statement / ARAI BS4 rollout schedule (aggregated pattern)
Ford,EcoSport,2022,BS6,Fuel_Injection,Plastic,10,Ford India public compliance statement / ARAI BS6 rollout schedule (aggregated pattern)
Ford,EcoSport,2024,BS6-Phase2,Fuel_Injection,Plastic,20,Ford India public compliance statement / ARAI BS6-Phase2 rollout schedule (aggregated pattern)
Ford,Figo,2016,BS3,Carburettor,Steel,5,Ford India public compliance statement / ARAI BS3 rollout schedule (aggregated pattern)
Ford,Figo,2019,BS4,Carburettor,Steel,10,Ford India public compliance statement / ARAI BS4 rollout schedule (aggregated pattern)
Ford,Figo,2022,BS6,Fuel_Injection,Plastic,10,Ford India public compliance statement / ARAI BS6 rollout schedule (aggregated pattern)
Ford,Figo,2024,BS6-Phase2,Fuel_Injection,Plastic,20,Ford India public compliance statement / ARAI BS6-Phase2 rollout schedule (aggregated pattern)
Ford,Aspire,2016,BS3,Carburettor,Steel,5,Ford India public compliance statement / ARAI BS3 rollout schedule (aggregated pattern)
Ford,Aspire,2019,BS4,Carburettor,Steel,10,Ford India public compliance statement / ARAI BS4 rollout schedule (aggregated pattern)
Ford,Aspire,2022,BS6,Fuel_Injection,Plastic,10,Ford India public compliance statement / ARAI BS6 rollout schedule (aggregated pattern)
Ford,Aspire,2024,BS6-Phase2,Fuel_Injection,Plastic,20,Ford India public compliance statement / ARAI BS6-Phase2 rollout schedule (aggregated pattern)
Ford,Endeavour,2016,BS3,Carburettor,Steel,5,Ford India public compliance statement / ARAI BS3 rollout schedule (aggregated pattern)
Ford,Endeavour,2019,BS4,Carburettor,Steel,10,Ford India public compliance statement / ARAI BS4 rollout schedule (aggregated pattern)
Ford,Endeavour,2022,BS6,Fuel_Injection,Plastic,10,Ford India public compliance statement / ARAI BS6 rollout schedule (aggregated pattern)
Ford,Endeavour,2024,BS6-Phase2,Fuel_Injection,Plastic,20,Ford India public compliance statement / ARAI BS6-Phase2 rollout schedule (aggregated pattern)
Chevrolet,Beat,2016,BS3,Carburettor,Steel,5,Chevrolet India public compliance statement / ARAI BS3 rollout schedule (aggregated pattern)
Chevrolet,Beat,2019,BS4,Carburettor,Steel,10,Chevrolet India public compliance statement / ARAI BS4 rollout schedule (aggregated pattern)
Chevrolet,Beat,2022,BS6,Fuel_Injection,Plastic,10,Chevrolet India public compliance statement / ARAI BS6 rollout schedule (aggregated pattern)
Chevrolet,Beat,2024,BS6-Phase2,Fuel_Injection,Plastic,20,Chevrolet India public compliance statement / ARAI BS6-Phase2 rollout schedule (aggregated pattern)
Chevrolet,Spark,2016,BS3,Carburettor,Steel,5,Chevrolet India public compliance statement / ARAI BS3 rollout schedule (aggregated pattern)
Chevrolet,Spark,2019,BS4,Carburettor,Steel,10,Chevrolet India public compliance statement / ARAI BS4 rollout schedule (aggregated pattern)
Chevrolet,Spark,2022,BS6,Fuel_Injection,Plastic,10,Chevrolet India public compliance statement / ARAI BS6 rollout schedule (aggregated pattern)
Chevrolet,Spark,2024,BS6-Phase2,Fuel_Injection,Plastic,20,Chevrolet India public compliance statement / ARAI BS6-Phase2 rollout schedule (aggregated pattern)
Chevrolet,Sail,2016,BS3,Carburettor,Steel,5,Chevrolet India public compliance statement / ARAI BS3 rollout schedule (aggregated pattern)
Chevrolet,Sail,2019,BS4,Carburettor,Steel,10,Chevrolet India public compliance statement / ARAI BS4 rollout schedule (aggregated pattern)
Chevrolet,Sail,2022,BS6,Fuel_Injection,Plastic,10,Chevrolet India public compliance statement / ARAI BS6 rollout schedule (aggregated pattern)
Chevrolet,Sail,2024,BS6-Phase2,Fuel_Injection,Plastic,20,Chevrolet India public compliance statement / ARAI BS6-Phase2 rollout schedule (aggregated pattern)
Fiat,Punto,2016,BS3,Carburettor,Steel,5,Fiat India public compliance statement / ARAI BS3 rollout schedule (aggregated pattern)
Fiat,Punto,2019,BS4,Carburettor,Steel,10,Fiat India public compliance statement / ARAI BS4 rollout schedule (aggregated pattern)
Fiat,Punto,2022,BS6,Fuel_Injection,Plastic,10,Fiat India public compliance statement / ARAI BS6 rollout schedule (aggregated pattern)
Fiat,Punto,2024,BS6-Phase2,Fuel_Injection,Plastic,20,Fiat India public compliance statement / ARAI BS6-Phase2 rollout schedule (aggregated pattern)
Fiat,Linea,2016,BS3,Carburettor,Steel,5,Fiat India public compliance statement / ARAI BS3 rollout schedule (aggregated pattern)
Fiat,Linea,2019,BS4,Carburettor,Steel,10,Fiat India public compliance statement / ARAI BS4 rollout schedule (aggregated pattern)
Fiat,Linea,2022,BS6,Fuel_Injection,Plastic,10,Fiat India public compliance statement / ARAI BS6 rollout schedule (aggregated pattern)
Fiat,Linea,2024,BS6-Phase2,Fuel_Injection,Plastic,20,Fiat India public compliance statement / ARAI BS6-Phase2 rollout schedule (aggregated pattern)
Honda,Activa 3G,2016,BS3,Carburettor,Steel,5,Honda India public compliance statement / ARAI BS3 rollout schedule (aggregated pattern)
Honda,Activa 3G,2019,BS4,Carburettor,Steel,10,Honda India public compliance statement / ARAI BS4 rollout schedule (aggregated pattern)
Honda,Activa 3G,2022,BS6,Fuel_Injection,Steel,10,Honda India public compliance statement / ARAI BS6 rollout schedule (aggregated pattern)
Honda,Activa 3G,2024,BS6-Phase2,Fuel_Injection,Steel,20,Honda India public compliance statement / ARAI BS6-Phase2 rollout schedule (aggregated pattern)
Honda,Activa 5G,2016,BS3,Carburettor,Steel,5,Honda India public compliance statement / ARAI BS3 rollout schedule (aggregated pattern)
Honda,Activa 5G,2019,BS4,Carburettor,Steel,10,Honda India public compliance statement / ARAI BS4 rollout schedule (aggregated pattern)
Honda,Activa 5G,2022,BS6,Fuel_Injection,Steel,10,Honda India public compliance statement / ARAI BS6 rollout schedule (aggregated pattern)
Honda,Activa 5G,2024,BS6-Phase2,Fuel_Injection,Steel,20,Honda India public compliance statement / ARAI BS6-Phase2 rollout schedule (aggregated pattern)
Honda,Activa 6G,2016,BS3,Carburettor,Steel,5,Honda India public compliance statement / ARAI BS3 rollout schedule (aggregated pattern)
Honda,Activa 6G,2019,BS4,Carburettor,Steel,10,Honda India public compliance statement / ARAI BS4 rollout schedule (aggregated pattern)
Honda,Activa 6G,2022,BS6,Fuel_Injection,Steel,10,Honda India public compliance statement / ARAI BS6 rollout schedule (aggregated pattern)
Honda,Activa 6G,2024,BS6-Phase2,Fuel_Injection,Steel,20,Honda India public compliance statement / ARAI BS6-Phase2 rollout schedule (aggregated pattern)
Honda,Dio,2016,BS3,Carburettor,Steel,5,Honda India public compliance statement / ARAI BS3 rollout schedule (aggregated pattern)
Honda,Dio,2019,BS4,Carburettor,Steel,10,Honda India public compliance statement / ARAI BS4 rollout schedule (aggregated pattern)
Honda,Dio,2022,BS6,Fuel_Injection,Steel,10,Honda India public compliance statement / ARAI BS6 rollout schedule (aggregated pattern)
Honda,Dio,2024,BS6-Phase2,Fuel_Injection,Steel,20,Honda India public compliance statement / ARAI BS6-Phase2 rollout schedule (aggregated pattern)
Honda,Grazia,2016,BS3,Carburettor,Steel,5,Honda India public compliance statement / ARAI BS3 rollout schedule (aggregated pattern)
Honda,Grazia,2019,BS4,Carburettor,Steel,10,Honda India public compliance statement / ARAI BS4 rollout schedule (aggregated pattern)
Honda,Grazia,2022,BS6,Fuel_Injection,Steel,10,Honda India public compliance statement / ARAI BS6 rollout schedule (aggregated pattern)
Honda,Grazia,2024,BS6-Phase2,Fuel_Injection,Steel,20,Honda India public compliance statement / ARAI BS6-Phase2 rollout schedule (aggregated pattern)
Honda,Aviator,2016,BS3,Carburettor,Steel,5,Honda India public compliance statement / ARAI BS3 rollout schedule (aggregated pattern)
Honda,Aviator,2019,BS4,Carburettor,Steel,10,Honda India public compliance statement / ARAI BS4 rollout schedule (aggregated pattern)
Honda,Aviator,2022,BS6,Fuel_Injection,Steel,10,Honda India public compliance statement / ARAI BS6 rollout schedule (aggregated pattern)
Honda,Aviator,2024,BS6-Phase2,Fuel_Injection,Steel,20,Honda India public compliance statement / ARAI BS6-Phase2 rollout schedule (aggregated pattern)
TVS,Jupiter,2016,BS3,Carburettor,Steel,5,TVS India public compliance statement / ARAI BS3 rollout schedule (aggregated pattern)
TVS,Jupiter,2019,BS4,Carburettor,Steel,10,TVS India public compliance statement / ARAI BS4 rollout schedule (aggregated pattern)
TVS,Jupiter,2022,BS6,Fuel_Injection,Steel,10,TVS India public compliance statement / ARAI BS6 rollout schedule (aggregated pattern)
TVS,Jupiter,2024,BS6-Phase2,Fuel_Injection,Steel,20,TVS India public compliance statement / ARAI BS6-Phase2 rollout schedule (aggregated pattern)
TVS,Ntorq 125,2016,BS3,Carburettor,Steel,5,TVS India public compliance statement / ARAI BS3 rollout schedule (aggregated pattern)
TVS,Ntorq 125,2019,BS4,Carburettor,Steel,10,TVS India public compliance statement / ARAI BS4 rollout schedule (aggregated pattern)
TVS,Ntorq 125,2022,BS6,Fuel_Injection,Steel,10,TVS India public compliance statement / ARAI BS6 rollout schedule (aggregated pattern)
TVS,Ntorq 125,2024,BS6-Phase2,Fuel_Injection,Steel,20,TVS India public compliance statement / ARAI BS6-Phase2 rollout schedule (aggregated pattern)
TVS,Scooty Pep Plus,2016,BS3,Carburettor,Steel,5,TVS India public compliance statement / ARAI BS3 rollout schedule (aggregated pattern)
TVS,Scooty Pep Plus,2019,BS4,Carburettor,Steel,10,TVS India public compliance statement / ARAI BS4 rollout schedule (aggregated pattern)
TVS,Scooty Pep Plus,2022,BS6,Fuel_Injection,Steel,10,TVS India public compliance statement / ARAI BS6 rollout schedule (aggregated pattern)
TVS,Scooty Pep Plus,2024,BS6-Phase2,Fuel_Injection,Steel,20,TVS India public compliance statement / ARAI BS6-Phase2 rollout schedule (aggregated pattern)
TVS,Wego,2016,BS3,Carburettor,Steel,5,TVS India public compliance statement / ARAI BS3 rollout schedule (aggregated pattern)
TVS,Wego,2019,BS4,Carburettor,Steel,10,TVS India public compliance statement / ARAI BS4 rollout schedule (aggregated pattern)
TVS,Wego,2022,BS6,Fuel_Injection,Steel,10,TVS India public compliance statement / ARAI BS6 rollout schedule (aggregated pattern)
TVS,Wego,2024,BS6-Phase2,Fuel_Injection,Steel,20,TVS India public compliance statement / ARAI BS6-Phase2 rollout schedule (aggregated pattern)
TVS,Zest 110,2016,BS3,Carburettor,Steel,5,TVS India public compliance statement / ARAI BS3 rollout schedule (aggregated pattern)
TVS,Zest 110,2019,BS4,Carburettor,Steel,10,TVS India public compliance statement / ARAI BS4 rollout schedule (aggregated pattern)
TVS,Zest 110,2022,BS6,Fuel_Injection,Steel,10,TVS India public compliance statement / ARAI BS6 rollout schedule (aggregated pattern)
TVS,Zest 110,2024,BS6-Phase2,Fuel_Injection,Steel,20,TVS India public compliance statement / ARAI BS6-Phase2 rollout schedule (aggregated pattern)
Suzuki,Access 125,2016,BS3,Carburettor,Steel,5,Suzuki India public compliance statement / ARAI BS3 rollout schedule (aggregated pattern)
Suzuki,Access 125,2019,BS4,Carburettor,Steel,10,Suzuki India public compliance statement / ARAI BS4 rollout schedule (aggregated pattern)
Suzuki,Access 125,2022,BS6,Fuel_Injection,Steel,10,Suzuki India public compliance statement / ARAI BS6 rollout schedule (aggregated pattern)
Suzuki,Access 125,2024,BS6-Phase2,Fuel_Injection,Steel,20,Suzuki India public compliance statement / ARAI BS6-Phase2 rollout schedule (aggregated pattern)
Suzuki,Burgman Street,2016,BS3,Carburettor,Steel,5,Suzuki India public compliance statement / ARAI BS3 rollout schedule (aggregated pattern)
Suzuki,Burgman Street,2019,BS4,Carburettor,Steel,10,Suzuki India public compliance statement / ARAI BS4 rollout schedule (aggregated pattern)
Suzuki,Burgman Street,2022,BS6,Fuel_Injection,Steel,10,Suzuki India public compliance statement / ARAI BS6 rollout schedule (aggregated pattern)
Suzuki,Burgman Street,2024,BS6-Phase2,Fuel_Injection,Steel,20,Suzuki India public compliance statement / ARAI BS6-Phase2 rollout schedule (aggregated pattern)
Suzuki,Swish,2016,BS3,Carburettor,Steel,5,Suzuki India public compliance statement / ARAI BS3 rollout schedule (aggregated pattern)
Suzuki,Swish,2019,BS4,Carburettor,Steel,10,Suzuki India public compliance statement / ARAI BS4 rollout schedule (aggregated pattern)
Suzuki,Swish,2022,BS6,Fuel_Injection,Steel,10,Suzuki India public compliance statement / ARAI BS6 rollout schedule (aggregated pattern)
Suzuki,Swish,2024,BS6-Phase2,Fuel_Injection,Steel,20,Suzuki India public compliance statement / ARAI BS6-Phase2 rollout schedule (aggregated pattern)
Bajaj,Chetak,2016,BS3,Carburettor,Steel,5,Bajaj India public compliance statement / ARAI BS3 rollout schedule (aggregated pattern)
Bajaj,Chetak,2019,BS4,Carburettor,Steel,10,Bajaj India public compliance statement / ARAI BS4 rollout schedule (aggregated pattern)
Bajaj,Chetak,2022,BS6,Fuel_Injection,Steel,10,Bajaj India public compliance statement / ARAI BS6 rollout schedule (aggregated pattern)
Bajaj,Chetak,2024,BS6-Phase2,Fuel_Injection,Steel,20,Bajaj India public compliance statement / ARAI BS6-Phase2 rollout schedule (aggregated pattern)
Yamaha,Fascino,2016,BS3,Carburettor,Steel,5,Yamaha India public compliance statement / ARAI BS3 rollout schedule (aggregated pattern)
Yamaha,Fascino,2019,BS4,Carburettor,Steel,10,Yamaha India public compliance statement / ARAI BS4 rollout schedule (aggregated pattern)
Yamaha,Fascino,2022,BS6,Fuel_Injection,Steel,10,Yamaha India public compliance statement / ARAI BS6 rollout schedule (aggregated pattern)
Yamaha,Fascino,2024,BS6-Phase2,Fuel_Injection,Steel,20,Yamaha India public compliance statement / ARAI BS6-Phase2 rollout schedule (aggregated pattern)
Yamaha,Ray ZR,2016,BS3,Carburettor,Steel,5,Yamaha India public compliance statement / ARAI BS3 rollout schedule (aggregated pattern)
Yamaha,Ray ZR,2019,BS4,Carburettor,Steel,10,Yamaha India public compliance statement / ARAI BS4 rollout schedule (aggregated pattern)
Yamaha,Ray ZR,2022,BS6,Fuel_Injection,Steel,10,Yamaha India public compliance statement / ARAI BS6 rollout schedule (aggregated pattern)
Yamaha,Ray ZR,2024,BS6-Phase2,Fuel_Injection,Steel,20,Yamaha India public compliance statement / ARAI BS6-Phase2 rollout schedule (aggregated pattern)
Hero,Pleasure Plus,2016,BS3,Carburettor,Steel,5,Hero India public compliance statement / ARAI BS3 rollout schedule (aggregated pattern)
Hero,Pleasure Plus,2019,BS4,Carburettor,Steel,10,Hero India public compliance statement / ARAI BS4 rollout schedule (aggregated pattern)
Hero,Pleasure Plus,2022,BS6,Fuel_Injection,Steel,10,Hero India public compliance statement / ARAI BS6 rollout schedule (aggregated pattern)
Hero,Pleasure Plus,2024,BS6-Phase2,Fuel_Injection,Steel,20,Hero India public compliance statement / ARAI BS6-Phase2 rollout schedule (aggregated pattern)
Hero,Maestro Edge,2016,BS3,Carburettor,Steel,5,Hero India public compliance statement / ARAI BS3 rollout schedule (aggregated pattern)
Hero,Maestro Edge,2019,BS4,Carburettor,Steel,10,Hero India public compliance statement / ARAI BS4 rollout schedule (aggregated pattern)
Hero,Maestro Edge,2022,BS6,Fuel_Injection,Steel,10,Hero India public compliance statement / ARAI BS6 rollout schedule (aggregated pattern)
Hero,Maestro Edge,2024,BS6-Phase2,Fuel_Injection,Steel,20,Hero India public compliance statement / ARAI BS6-Phase2 rollout schedule (aggregated pattern)
Hero,Destini 125,2016,BS3,Carburettor,Steel,5,Hero India public compliance statement / ARAI BS3 rollout schedule (aggregated pattern)
Hero,Destini 125,2019,BS4,Carburettor,Steel,10,Hero India public compliance statement / ARAI BS4 rollout schedule (aggregated pattern)
Hero,Destini 125,2022,BS6,Fuel_Injection,Steel,10,Hero India public compliance statement / ARAI BS6 rollout schedule (aggregated pattern)
Hero,Destini 125,2024,BS6-Phase2,Fuel_Injection,Steel,20,Hero India public compliance statement / ARAI BS6-Phase2 rollout schedule (aggregated pattern)
Hero,Splendor Plus,2016,BS3,Carburettor,Steel,5,Hero India public compliance statement / ARAI BS3 rollout schedule (aggregated pattern)
Hero,Splendor Plus,2019,BS4,Carburettor,Steel,10,Hero India public compliance statement / ARAI BS4 rollout schedule (aggregated pattern)
Hero,Splendor Plus,2022,BS6,Fuel_Injection,Steel,10,Hero India public compliance statement / ARAI BS6 rollout schedule (aggregated pattern)
Hero,Splendor Plus,2024,BS6-Phase2,Fuel_Injection,Steel,20,Hero India public compliance statement / ARAI BS6-Phase2 rollout schedule (aggregated pattern)
Hero,Splendor iSmart,2016,BS3,Carburettor,Steel,5,Hero India public compliance statement / ARAI BS3 rollout schedule (aggregated pattern)
Hero,Splendor iSmart,2019,BS4,Carburettor,Steel,10,Hero India public compliance statement / ARAI BS4 rollout schedule (aggregated pattern)
Hero,Splendor iSmart,2022,BS6,Fuel_Injection,Steel,10,Hero India public compliance statement / ARAI BS6 rollout schedule (aggregated pattern)
Hero,Splendor iSmart,2024,BS6-Phase2,Fuel_Injection,Steel,20,Hero India public compliance statement / ARAI BS6-Phase2 rollout schedule (aggregated pattern)
Hero,HF Deluxe,2016,BS3,Carburettor,Steel,5,Hero India public compliance statement / ARAI BS3 rollout schedule (aggregated pattern)
Hero,HF Deluxe,2019,BS4,Carburettor,Steel,10,Hero India public compliance statement / ARAI BS4 rollout schedule (aggregated pattern)
Hero,HF Deluxe,2022,BS6,Fuel_Injection,Steel,10,Hero India public compliance statement / ARAI BS6 rollout schedule (aggregated pattern)
Hero,HF Deluxe,2024,BS6-Phase2,Fuel_Injection,Steel,20,Hero India public compliance statement / ARAI BS6-Phase2 rollout schedule (aggregated pattern)
Hero,Glamour,2016,BS3,Carburettor,Steel,5,Hero India public compliance statement / ARAI BS3 rollout schedule (aggregated pattern)
Hero,Glamour,2019,BS4,Carburettor,Steel,10,Hero India public compliance statement / ARAI BS4 rollout schedule (aggregated pattern)
Hero,Glamour,2022,BS6,Fuel_Injection,Steel,10,Hero India public compliance statement / ARAI BS6 rollout schedule (aggregated pattern)
Hero,Glamour,2024,BS6-Phase2,Fuel_Injection,Steel,20,Hero India public compliance statement / ARAI BS6-Phase2 rollout schedule (aggregated pattern)
Hero,Passion Pro,2016,BS3,Carburettor,Steel,5,Hero India public compliance statement / ARAI BS3 rollout schedule (aggregated pattern)
Hero,Passion Pro,2019,BS4,Carburettor,Steel,10,Hero India public compliance statement / ARAI BS4 rollout schedule (aggregated pattern)
Hero,Passion Pro,2022,BS6,Fuel_Injection,Steel,10,Hero India public compliance statement / ARAI BS6 rollout schedule (aggregated pattern)
Hero,Passion Pro,2024,BS6-Phase2,Fuel_Injection,Steel,20,Hero India public compliance statement / ARAI BS6-Phase2 rollout schedule (aggregated pattern)
Hero,Xtreme 160R,2016,BS3,Carburettor,Steel,5,Hero India public compliance statement / ARAI BS3 rollout schedule (aggregated pattern)
Hero,Xtreme 160R,2019,BS4,Carburettor,Steel,10,Hero India public compliance statement / ARAI BS4 rollout schedule (aggregated pattern)
Hero,Xtreme 160R,2022,BS6,Fuel_Injection,Steel,10,Hero India public compliance statement / ARAI BS6 rollout schedule (aggregated pattern)
Hero,Xtreme 160R,2024,BS6-Phase2,Fuel_Injection,Steel,20,Hero India public compliance statement / ARAI BS6-Phase2 rollout schedule (aggregated pattern)
Hero,Xpulse 200,2016,BS3,Carburettor,Steel,5,Hero India public compliance statement / ARAI BS3 rollout schedule (aggregated pattern)
Hero,Xpulse 200,2019,BS4,Carburettor,Steel,10,Hero India public compliance statement / ARAI BS4 rollout schedule (aggregated pattern)
Hero,Xpulse 200,2022,BS6,Fuel_Injection,Steel,10,Hero India public compliance statement / ARAI BS6 rollout schedule (aggregated pattern)
Hero,Xpulse 200,2024,BS6-Phase2,Fuel_Injection,Steel,20,Hero India public compliance statement / ARAI BS6-Phase2 rollout schedule (aggregated pattern)
Hero,Super Splendor,2016,BS3,Carburettor,Steel,5,Hero India public compliance statement / ARAI BS3 rollout schedule (aggregated pattern)
Hero,Super Splendor,2019,BS4,Carburettor,Steel,10,Hero India public compliance statement / ARAI BS4 rollout schedule (aggregated pattern)
Hero,Super Splendor,2022,BS6,Fuel_Injection,Steel,10,Hero India public compliance statement / ARAI BS6 rollout schedule (aggregated pattern)
Hero,Super Splendor,2024,BS6-Phase2,Fuel_Injection,Steel,20,Hero India public compliance statement / ARAI BS6-Phase2 rollout schedule (aggregated pattern)
Honda,Shine,2016,BS3,Carburettor,Steel,5,Honda India public compliance statement / ARAI BS3 rollout schedule (aggregated pattern)
Honda,Shine,2019,BS4,Carburettor,Steel,10,Honda India public compliance statement / ARAI BS4 rollout schedule (aggregated pattern)
Honda,Shine,2022,BS6,Fuel_Injection,Steel,10,Honda India public compliance statement / ARAI BS6 rollout schedule (aggregated pattern)
Honda,Shine,2024,BS6-Phase2,Fuel_Injection,Steel,20,Honda India public compliance statement / ARAI BS6-Phase2 rollout schedule (aggregated pattern)
Honda,SP 125,2016,BS3,Carburettor,Steel,5,Honda India public compliance statement / ARAI BS3 rollout schedule (aggregated pattern)
Honda,SP 125,2019,BS4,Carburettor,Steel,10,Honda India public compliance statement / ARAI BS4 rollout schedule (aggregated pattern)
Honda,SP 125,2022,BS6,Fuel_Injection,Steel,10,Honda India public compliance statement / ARAI BS6 rollout schedule (aggregated pattern)
Honda,SP 125,2024,BS6-Phase2,Fuel_Injection,Steel,20,Honda India public compliance statement / ARAI BS6-Phase2 rollout schedule (aggregated pattern)
Honda,Unicorn,2016,BS3,Carburettor,Steel,5,Honda India public compliance statement / ARAI BS3 rollout schedule (aggregated pattern)
Honda,Unicorn,2019,BS4,Carburettor,Steel,10,Honda India public compliance statement / ARAI BS4 rollout schedule (aggregated pattern)
Honda,Unicorn,2022,BS6,Fuel_Injection,Steel,10,Honda India public compliance statement / ARAI BS6 rollout schedule (aggregated pattern)
Honda,Unicorn,2024,BS6-Phase2,Fuel_Injection,Steel,20,Honda India public compliance statement / ARAI BS6-Phase2 rollout schedule (aggregated pattern)
Honda,Hornet 2.0,2016,BS3,Carburettor,Steel,5,Honda India public compliance statement / ARAI BS3 rollout schedule (aggregated pattern)
Honda,Hornet 2.0,2019,BS4,Carburettor,Steel,10,Honda India public compliance statement / ARAI BS4 rollout schedule (aggregated pattern)
Honda,Hornet 2.0,2022,BS6,Fuel_Injection,Steel,10,Honda India public compliance statement / ARAI BS6 rollout schedule (aggregated pattern)
Honda,Hornet 2.0,2024,BS6-Phase2,Fuel_Injection,Steel,20,Honda India public compliance statement / ARAI BS6-Phase2 rollout schedule (aggregated pattern)
Honda,CB350,2016,BS3,Carburettor,Steel,5,Honda India public compliance statement / ARAI BS3 rollout schedule (aggregated pattern)
Honda,CB350,2019,BS4,Carburettor,Steel,10,Honda India public compliance statement / ARAI BS4 rollout schedule (aggregated pattern)
Honda,CB350,2022,BS6,Fuel_Injection,Steel,10,Honda India public compliance statement / ARAI BS6 rollout schedule (aggregated pattern)
Honda,CB350,2024,BS6-Phase2,Fuel_Injection,Steel,20,Honda India public compliance statement / ARAI BS6-Phase2 rollout schedule (aggregated pattern)
Bajaj,Pulsar 150,2016,BS3,Carburettor,Steel,5,Bajaj India public compliance statement / ARAI BS3 rollout schedule (aggregated pattern)
Bajaj,Pulsar 150,2019,BS4,Carburettor,Steel,10,Bajaj India public compliance statement / ARAI BS4 rollout schedule (aggregated pattern)
Bajaj,Pulsar 150,2022,BS6,Fuel_Injection,Steel,10,Bajaj India public compliance statement / ARAI BS6 rollout schedule (aggregated pattern)
Bajaj,Pulsar 150,2024,BS6-Phase2,Fuel_Injection,Steel,20,Bajaj India public compliance statement / ARAI BS6-Phase2 rollout schedule (aggregated pattern)
Bajaj,Pulsar 220F,2016,BS3,Carburettor,Steel,5,Bajaj India public compliance statement / ARAI BS3 rollout schedule (aggregated pattern)
Bajaj,Pulsar 220F,2019,BS4,Carburettor,Steel,10,Bajaj India public compliance statement / ARAI BS4 rollout schedule (aggregated pattern)
Bajaj,Pulsar 220F,2022,BS6,Fuel_Injection,Steel,10,Bajaj India public compliance statement / ARAI BS6 rollout schedule (aggregated pattern)
Bajaj,Pulsar 220F,2024,BS6-Phase2,Fuel_Injection,Steel,20,Bajaj India public compliance statement / ARAI BS6-Phase2 rollout schedule (aggregated pattern)
Bajaj,Pulsar NS200,2016,BS3,Carburettor,Steel,5,Bajaj India public compliance statement / ARAI BS3 rollout schedule (aggregated pattern)
Bajaj,Pulsar NS200,2019,BS4,Carburettor,Steel,10,Bajaj India public compliance statement / ARAI BS4 rollout schedule (aggregated pattern)
Bajaj,Pulsar NS200,2022,BS6,Fuel_Injection,Steel,10,Bajaj India public compliance statement / ARAI BS6 rollout schedule (aggregated pattern)
Bajaj,Pulsar NS200,2024,BS6-Phase2,Fuel_Injection,Steel,20,Bajaj India public compliance statement / ARAI BS6-Phase2 rollout schedule (aggregated pattern)
Bajaj,Platina,2016,BS3,Carburettor,Steel,5,Bajaj India public compliance statement / ARAI BS3 rollout schedule (aggregated pattern)
Bajaj,Platina,2019,BS4,Carburettor,Steel,10,Bajaj India public compliance statement / ARAI BS4 rollout schedule (aggregated pattern)
Bajaj,Platina,2022,BS6,Fuel_Injection,Steel,10,Bajaj India public compliance statement / ARAI BS6 rollout schedule (aggregated pattern)
Bajaj,Platina,2024,BS6-Phase2,Fuel_Injection,Steel,20,Bajaj India public compliance statement / ARAI BS6-Phase2 rollout schedule (aggregated pattern)
Bajaj,CT100,2016,BS3,Carburettor,Steel,5,Bajaj India public compliance statement / ARAI BS3 rollout schedule (aggregated pattern)
Bajaj,CT100,2019,BS4,Carburettor,Steel,10,Bajaj India public compliance statement / ARAI BS4 rollout schedule (aggregated pattern)
Bajaj,CT100,2022,BS6,Fuel_Injection,Steel,10,Bajaj India public compliance statement / ARAI BS6 rollout schedule (aggregated pattern)
Bajaj,CT100,2024,BS6-Phase2,Fuel_Injection,Steel,20,Bajaj India public compliance statement / ARAI BS6-Phase2 rollout schedule (aggregated pattern)
Bajaj,Avenger 220,2016,BS3,Carburettor,Steel,5,Bajaj India public compliance statement / ARAI BS3 rollout schedule (aggregated pattern)
Bajaj,Avenger 220,2019,BS4,Carburettor,Steel,10,Bajaj India public compliance statement / ARAI BS4 rollout schedule (aggregated pattern)
Bajaj,Avenger 220,2022,BS6,Fuel_Injection,Steel,10,Bajaj India public compliance statement / ARAI BS6 rollout schedule (aggregated pattern)
Bajaj,Avenger 220,2024,BS6-Phase2,Fuel_Injection,Steel,20,Bajaj India public compliance statement / ARAI BS6-Phase2 rollout schedule (aggregated pattern)
Bajaj,Dominar 400,2016,BS3,Carburettor,Steel,5,Bajaj India public compliance statement / ARAI BS3 rollout schedule (aggregated pattern)
Bajaj,Dominar 400,2019,BS4,Carburettor,Steel,10,Bajaj India public compliance statement / ARAI BS4 rollout schedule (aggregated pattern)
Bajaj,Dominar 400,2022,BS6,Fuel_Injection,Steel,10,Bajaj India public compliance statement / ARAI BS6 rollout schedule (aggregated pattern)
Bajaj,Dominar 400,2024,BS6-Phase2,Fuel_Injection,Steel,20,Bajaj India public compliance statement / ARAI BS6-Phase2 rollout schedule (aggregated pattern)
TVS,Apache RTR 160,2016,BS3,Carburettor,Steel,5,TVS India public compliance statement / ARAI BS3 rollout schedule (aggregated pattern)
TVS,Apache RTR 160,2019,BS4,Carburettor,Steel,10,TVS India public compliance statement / ARAI BS4 rollout schedule (aggregated pattern)
TVS,Apache RTR 160,2022,BS6,Fuel_Injection,Steel,10,TVS India public compliance statement / ARAI BS6 rollout schedule (aggregated pattern)
TVS,Apache RTR 160,2024,BS6-Phase2,Fuel_Injection,Steel,20,TVS India public compliance statement / ARAI BS6-Phase2 rollout schedule (aggregated pattern)
TVS,Apache RTR 200,2016,BS3,Carburettor,Steel,5,TVS India public compliance statement / ARAI BS3 rollout schedule (aggregated pattern)
TVS,Apache RTR 200,2019,BS4,Carburettor,Steel,10,TVS India public compliance statement / ARAI BS4 rollout schedule (aggregated pattern)
TVS,Apache RTR 200,2022,BS6,Fuel_Injection,Steel,10,TVS India public compliance statement / ARAI BS6 rollout schedule (aggregated pattern)
TVS,Apache RTR 200,2024,BS6-Phase2,Fuel_Injection,Steel,20,TVS India public compliance statement / ARAI BS6-Phase2 rollout schedule (aggregated pattern)
TVS,Radeon,2016,BS3,Carburettor,Steel,5,TVS India public compliance statement / ARAI BS3 rollout schedule (aggregated pattern)
TVS,Radeon,2019,BS4,Carburettor,Steel,10,TVS India public compliance statement / ARAI BS4 rollout schedule (aggregated pattern)
TVS,Radeon,2022,BS6,Fuel_Injection,Steel,10,TVS India public compliance statement / ARAI BS6 rollout schedule (aggregated pattern)
TVS,Radeon,2024,BS6-Phase2,Fuel_Injection,Steel,20,TVS India public compliance statement / ARAI BS6-Phase2 rollout schedule (aggregated pattern)
TVS,Sport,2016,BS3,Carburettor,Steel,5,TVS India public compliance statement / ARAI BS3 rollout schedule (aggregated pattern)
TVS,Sport,2019,BS4,Carburettor,Steel,10,TVS India public compliance statement / ARAI BS4 rollout schedule (aggregated pattern)
TVS,Sport,2022,BS6,Fuel_Injection,Steel,10,TVS India public compliance statement / ARAI BS6 rollout schedule (aggregated pattern)
TVS,Sport,2024,BS6-Phase2,Fuel_Injection,Steel,20,TVS India public compliance statement / ARAI BS6-Phase2 rollout schedule (aggregated pattern)
TVS,Raider 125,2016,BS3,Carburettor,Steel,5,TVS India public compliance statement / ARAI BS3 rollout schedule (aggregated pattern)
TVS,Raider 125,2019,BS4,Carburettor,Steel,10,TVS India public compliance statement / ARAI BS4 rollout schedule (aggregated pattern)
TVS,Raider 125,2022,BS6,Fuel_Injection,Steel,10,TVS India public compliance statement / ARAI BS6 rollout schedule (aggregated pattern)
TVS,Raider 125,2024,BS6-Phase2,Fuel_Injection,Steel,20,TVS India public compliance statement / ARAI BS6-Phase2 rollout schedule (aggregated pattern)
Royal Enfield,Classic 350,2016,BS3,Carburettor,Steel,5,Royal Enfield India public compliance statement / ARAI BS3 rollout schedule (aggregated pattern)
Royal Enfield,Classic 350,2019,BS4,Carburettor,Steel,10,Royal Enfield India public compliance statement / ARAI BS4 rollout schedule (aggregated pattern)
Royal Enfield,Classic 350,2022,BS6,Fuel_Injection,Steel,10,Royal Enfield India public compliance statement / ARAI BS6 rollout schedule (aggregated pattern)
Royal Enfield,Classic 350,2024,BS6-Phase2,Fuel_Injection,Steel,20,Royal Enfield India public compliance statement / ARAI BS6-Phase2 rollout schedule (aggregated pattern)
Royal Enfield,Bullet 350,2016,BS3,Carburettor,Steel,5,Royal Enfield India public compliance statement / ARAI BS3 rollout schedule (aggregated pattern)
Royal Enfield,Bullet 350,2019,BS4,Carburettor,Steel,10,Royal Enfield India public compliance statement / ARAI BS4 rollout schedule (aggregated pattern)
Royal Enfield,Bullet 350,2022,BS6,Fuel_Injection,Steel,10,Royal Enfield India public compliance statement / ARAI BS6 rollout schedule (aggregated pattern)
Royal Enfield,Bullet 350,2024,BS6-Phase2,Fuel_Injection,Steel,20,Royal Enfield India public compliance statement / ARAI BS6-Phase2 rollout schedule (aggregated pattern)
Royal Enfield,Meteor 350,2016,BS3,Carburettor,Steel,5,Royal Enfield India public compliance statement / ARAI BS3 rollout schedule (aggregated pattern)
Royal Enfield,Meteor 350,2019,BS4,Carburettor,Steel,10,Royal Enfield India public compliance statement / ARAI BS4 rollout schedule (aggregated pattern)
Royal Enfield,Meteor 350,2022,BS6,Fuel_Injection,Steel,10,Royal Enfield India public compliance statement / ARAI BS6 rollout schedule (aggregated pattern)
Royal Enfield,Meteor 350,2024,BS6-Phase2,Fuel_Injection,Steel,20,Royal Enfield India public compliance statement / ARAI BS6-Phase2 rollout schedule (aggregated pattern)
Royal Enfield,Hunter 350,2016,BS3,Carburettor,Steel,5,Royal Enfield India public compliance statement / ARAI BS3 rollout schedule (aggregated pattern)
Royal Enfield,Hunter 350,2019,BS4,Carburettor,Steel,10,Royal Enfield India public compliance statement / ARAI BS4 rollout schedule (aggregated pattern)
Royal Enfield,Hunter 350,2022,BS6,Fuel_Injection,Steel,10,Royal Enfield India public compliance statement / ARAI BS6 rollout schedule (aggregated pattern)
Royal Enfield,Hunter 350,2024,BS6-Phase2,Fuel_Injection,Steel,20,Royal Enfield India public compliance statement / ARAI BS6-Phase2 rollout schedule (aggregated pattern)
Royal Enfield,Himalayan,2016,BS3,Carburettor,Steel,5,Royal Enfield India public compliance statement / ARAI BS3 rollout schedule (aggregated pattern)
Royal Enfield,Himalayan,2019,BS4,Carburettor,Steel,10,Royal Enfield India public compliance statement / ARAI BS4 rollout schedule (aggregated pattern)
Royal Enfield,Himalayan,2022,BS6,Fuel_Injection,Steel,10,Royal Enfield India public compliance statement / ARAI BS6 rollout schedule (aggregated pattern)
Royal Enfield,Himalayan,2024,BS6-Phase2,Fuel_Injection,Steel,20,Royal Enfield India public compliance statement / ARAI BS6-Phase2 rollout schedule (aggregated pattern)
Yamaha,FZ-S,2016,BS3,Carburettor,Steel,5,Yamaha India public compliance statement / ARAI BS3 rollout schedule (aggregated pattern)
Yamaha,FZ-S,2019,BS4,Carburettor,Steel,10,Yamaha India public compliance statement / ARAI BS4 rollout schedule (aggregated pattern)
Yamaha,FZ-S,2022,BS6,Fuel_Injection,Steel,10,Yamaha India public compliance statement / ARAI BS6 rollout schedule (aggregated pattern)
Yamaha,FZ-S,2024,BS6-Phase2,Fuel_Injection,Steel,20,Yamaha India public compliance statement / ARAI BS6-Phase2 rollout schedule (aggregated pattern)
Yamaha,MT-15,2016,BS3,Carburettor,Steel,5,Yamaha India public compliance statement / ARAI BS3 rollout schedule (aggregated pattern)
Yamaha,MT-15,2019,BS4,Carburettor,Steel,10,Yamaha India public compliance statement / ARAI BS4 rollout schedule (aggregated pattern)
Yamaha,MT-15,2022,BS6,Fuel_Injection,Steel,10,Yamaha India public compliance statement / ARAI BS6 rollout schedule (aggregated pattern)
Yamaha,MT-15,2024,BS6-Phase2,Fuel_Injection,Steel,20,Yamaha India public compliance statement / ARAI BS6-Phase2 rollout schedule (aggregated pattern)
Yamaha,R15,2016,BS3,Carburettor,Steel,5,Yamaha India public compliance statement / ARAI BS3 rollout schedule (aggregated pattern)
Yamaha,R15,2019,BS4,Carburettor,Steel,10,Yamaha India public compliance statement / ARAI BS4 rollout schedule (aggregated pattern)
Yamaha,R15,2022,BS6,Fuel_Injection,Steel,10,Yamaha India public compliance statement / ARAI BS6 rollout schedule (aggregated pattern)
Yamaha,R15,2024,BS6-Phase2,Fuel_Injection,Steel,20,Yamaha India public compliance statement / ARAI BS6-Phase2 rollout schedule (aggregated pattern)
Yamaha,Saluto,2016,BS3,Carburettor,Steel,5,Yamaha India public compliance statement / ARAI BS3 rollout schedule (aggregated pattern)
Yamaha,Saluto,2019,BS4,Carburettor,Steel,10,Yamaha India public compliance statement / ARAI BS4 rollout schedule (aggregated pattern)
Yamaha,Saluto,2022,BS6,Fuel_Injection,Steel,10,Yamaha India public compliance statement / ARAI BS6 rollout schedule (aggregated pattern)
Yamaha,Saluto,2024,BS6-Phase2,Fuel_Injection,Steel,20,Yamaha India public compliance statement / ARAI BS6-Phase2 rollout schedule (aggregated pattern)
Suzuki,Gixxer,2016,BS3,Carburettor,Steel,5,Suzuki India public compliance statement / ARAI BS3 rollout schedule (aggregated pattern)
Suzuki,Gixxer,2019,BS4,Carburettor,Steel,10,Suzuki India public compliance statement / ARAI BS4 rollout schedule (aggregated pattern)
Suzuki,Gixxer,2022,BS6,Fuel_Injection,Steel,10,Suzuki India public compliance statement / ARAI BS6 rollout schedule (aggregated pattern)
Suzuki,Gixxer,2024,BS6-Phase2,Fuel_Injection,Steel,20,Suzuki India public compliance statement / ARAI BS6-Phase2 rollout schedule (aggregated pattern)
Suzuki,Gixxer SF,2016,BS3,Carburettor,Steel,5,Suzuki India public compliance statement / ARAI BS3 rollout schedule (aggregated pattern)
Suzuki,Gixxer SF,2019,BS4,Carburettor,Steel,10,Suzuki India public compliance statement / ARAI BS4 rollout schedule (aggregated pattern)
Suzuki,Gixxer SF,2022,BS6,Fuel_Injection,Steel,10,Suzuki India public compliance statement / ARAI BS6 rollout schedule (aggregated pattern)
Suzuki,Gixxer SF,2024,BS6-Phase2,Fuel_Injection,Steel,20,Suzuki India public compliance statement / ARAI BS6-Phase2 rollout schedule (aggregated pattern)
Suzuki,Intruder,2016,BS3,Carburettor,Steel,5,Suzuki India public compliance statement / ARAI BS3 rollout schedule (aggregated pattern)
Suzuki,Intruder,2019,BS4,Carburettor,Steel,10,Suzuki India public compliance statement / ARAI BS4 rollout schedule (aggregated pattern)
Suzuki,Intruder,2022,BS6,Fuel_Injection,Steel,10,Suzuki India public compliance statement / ARAI BS6 rollout schedule (aggregated pattern)
Suzuki,Intruder,2024,BS6-Phase2,Fuel_Injection,Steel,20,Suzuki India public compliance statement / ARAI BS6-Phase2 rollout schedule (aggregated pattern)
